시점,행정구역(시군구)별,성별,계,0 - 4세,5 - 9세,10 - 14세,15 - 19세,20 - 24세,25 - 29세,30 - 34세,35 - 39세,40 - 44세,45 - 49세,50 - 54세,55 - 59세,60 - 64세,65 - 69세,70 - 74세,75 - 79세,80세 이상,80 - 84세,85세 이상,85 - 89세,90 - 94세,95 - 99세,100세 이상
2023,전국,계,"51,145,884.5","1,380,804.5","2,050,235","2,341,519","2,329,282","2,861,651.5","3,428,923.5","3,345,284","3,221,366","4,013,266.5","3,932,778.5","4,488,255.5","4,100,065.5","4,190,183.5","3,282,269.5","2,229,036.5","1,653,502.5","2,297,461","1,313,968.5","983,492.5","688,566","236,889.5","50,293","7,744"
,,남자,"25,469,181","707,453","1,050,856.5","1,203,241","1,202,053","1,489,291.5","1,800,766","1,754,212","1,654,036","2,041,798","1,991,972","2,269,130.5","2,060,959","2,077,449","1,594,516.5","1,045,482","730,938.5","795,026.5","509,861.5","285,165","218,927.5","56,035","8,987.5","1,215"
,,여자,"25,676,703.5","673,351.5","999,378.5","1,138,278","1,127,229","1,372,360","1,628,157.5","1,591,072","1,567,330","1,971,468.5","1,940,806.5","2,219,125","2,039,106.5","2,112,734.5","1,687,753","1,183,554.5","922,564","1,502,434.5","804,107","698,327.5","469,638.5","180,854.5","41,305.5","6,529"
,서울특별시,계,"9,334,933.5","220,265.5","308,678","357,808.5","381,243","564,693.5","802,843.5","764,498.5","653,747","727,185.5","693,374.5","787,553","687,236","703,236","588,956","409,781","311,120.5","372,713.5","222,881.5","149,832","105,271","35,320.5","7,997","1,243.5"
,,남자,"4,517,716.5","113,547","157,926.5","183,789.5","194,709","265,562.5","385,727","383,059.5","326,054.5","360,869","341,614.5","388,467","335,669","335,890","274,771","188,076","138,414.5","143,570","94,385","49,185","37,602.5","9,638","1,687.5",257
,,여자,"4,817,217","106,718.5","150,751.5","174,019","186,534","299,131","417,116.5","381,439","327,692.5","366,316.5","351,760","399,086","351,567","367,346","314,185","221,705","172,706","229,143.5","128,496.5","100,647","67,668.5","25,682.5","6,309.5",986.5
,부산광역시,계,"3,291,326","78,305.5","121,997","133,933.5","130,393","177,426.5","208,199.5","200,972","190,947.5","249,587.5","236,897","276,037","262,703","297,235.5","258,134.5","184,261","129,523","154,773","94,504","60,269","43,269.5","13,677.5","2,927.5",394.5
,,남자,"1,604,893","40,143.5","62,579.5","68,769","66,992","90,994.5","107,521","104,174.5","97,257.5","126,325","119,051.5","136,075.5","126,638","140,289.5","121,359","84,194.5","57,329.5","55,199","37,460","17,739","14,012","3,229",440.5,57.5
,,여자,"1,686,433","38,162","59,417.5","65,164.5","63,401","86,432","100,678.5","96,797.5","93,690","123,262.5","117,845.5","139,961.5","136,065","156,946","136,775.5","100,066.5","72,193.5","99,574","57,044","42,530","29,257.5","10,448.5","2,487",337
,대구광역시,계,"2,372,562","59,547","94,764","106,649","109,453.5","137,540.5","150,989","143,435.5","135,914","177,123","181,869.5","215,325","202,017","202,866.5","157,212","113,543","77,986","106,327.5","62,908.5","43,419","31,388.5","9,946","1,837.5",247
,,남자,"1,165,738.5","30,619.5","48,468","54,886.5","56,890","72,725.5","79,839.5","77,191","71,071.5","87,723.5","89,595","105,155.5","98,488.5","97,698.5","74,313.5","51,170","33,132","36,770.5","23,981.5","12,789","10,065","2,381",318,25
,,여자,"1,206,823.5","28,927.5","46,296","51,762.5","52,563.5","64,815","71,149.5","66,244.5","64,842.5","89,399.5","92,274.5","110,169.5","103,528.5","105,168","82,898.5","62,373","44,854","69,557","38,927","30,630","21,323.5","7,565","1,519.5",222
,인천광역시,계,"2,966,979","84,134","121,382","137,201","134,775","163,436","205,728.5","209,312","197,689","245,155","232,763.5","262,520","246,106.5","248,459.5","179,728.5","110,819","81,399","106,370.5","60,135.5","46,235","31,607","11,530.5","2,665.5",432
,,남자,"1,483,001.5","43,169.5","62,167.5","70,407.5","69,183.5","84,719.5","107,133","109,443.5","102,108","126,177.5","118,870.5","131,407.5","121,658.5","123,849","87,598","52,887","36,223.5","35,998","23,121.5","12,876.5","9,778.5","2,538.5",475.5,84
,,여자,"1,483,977.5","40,964.5","59,214.5","66,793.5","65,591.5","78,716.5","98,595.5","99,868.5","95,581","118,977.5","113,893","131,112.5","124,448","124,610.5","92,130.5","57,932","45,175.5","70,372.5","37,014","33,358.5","21,828.5","8,992","2,190",348
,광주광역시,계,"1,420,562","40,702.5","62,653.5","73,565","75,537","93,358","100,970","88,568","86,476.5","113,836","115,058.5","126,801","111,240","103,884","76,434","55,494","41,910","54,074","31,736.5","22,337.5","15,645.5","5,395.5","1,114",182.5
,,남자,"701,187.5","20,730.5","32,162.5","37,956.5","39,165","48,607","52,767","46,147.5","43,872","56,697","57,083","62,771","54,915","50,033.5","36,021","25,027","18,165.5","19,066.5","12,520.5","6,546","5,089.5","1,257",185,14.5
,,여자,"719,374.5","19,972","30,491","35,608.5","36,372","44,751","48,203","42,420.5","42,604.5","57,139","57,975.5","64,030","56,325","53,850.5","40,413","30,467","23,744.5","35,007.5","19,216","15,791.5","10,556","4,138.5",929,168
,대전광역시,계,"1,438,846","40,665","58,776","67,868.5","71,044","92,828.5","108,309","97,767.5","89,435","109,851.5","112,264.5","128,480.5","111,280.5","112,122","86,670.5","56,734.5","40,211","54,537.5","31,267","23,270.5","16,261.5","5,618.5","1,198.5",192
,,남자,"716,965.5","20,904","30,235.5","35,006.5","36,795.5","47,641.5","57,613","52,185.5","46,445.5","55,018","55,540","64,187","55,278.5","54,564.5","41,650.5","26,666.5","17,879","19,354.5","12,372.5","6,982","5,312","1,418",223,29
,,여자,"721,880.5","19,761","28,540.5","32,862","34,248.5","45,187","50,696","45,582","42,989.5","54,833.5","56,724.5","64,293.5","56,002","57,557.5","45,020","30,068","22,332","35,183","18,894.5","16,288.5","10,949.5","4,200.5",975.5,163
,울산광역시,계,"1,103,825","31,542","50,497","56,355","53,417.5","57,363","68,305.5","68,602","69,206.5","91,669.5","87,290","102,820.5","100,947.5","96,350","69,445","42,883","26,278.5","30,852.5","18,492","12,360.5","8,724.5","2,944",624,68
,,남자,"566,569.5","16,048.5","26,097.5","29,237","28,129.5","32,318.5","38,913","37,790.5","36,516","47,370","44,440.5","50,968.5","51,489.5","49,060","34,470.5","21,111.5","12,203","10,405.5","7,236.5","3,169","2,488",604,71,6
,,여자,"537,255.5","15,493.5","24,399.5","27,118","25,288","25,044.5","29,392.5","30,811.5","32,690.5","44,299.5","42,849.5","51,852","49,458","47,290","34,974.5","21,771.5","14,075.5","20,447","11,255.5","9,191.5","6,236.5","2,340",553,62
,세종특별자치시,계,"384,276.5","18,091","26,644","27,710","22,129.5","17,677.5","20,367","27,577","32,533.5","41,373","35,258.5","30,632.5","22,243","20,775","15,612","9,696","6,348","9,609","5,109.5","4,499.5","3,023.5","1,191.5",248,36.5
,,남자,"191,515","9,127","13,619","14,091","11,013","9,249.5","10,169.5","13,499","16,049","20,238","17,871","16,251.5","11,461.5","10,411.5","7,690","4,698","2,868.5","3,208","1,998","1,210",918.5,241.5,44,6
,,여자,"192,761.5","8,964","13,025","13,619","11,116.5","8,428","10,197.5","14,078","16,484.5","21,135","17,387.5","14,381","10,781.5","10,363.5","7,922","4,998","3,479.5","6,401","3,111.5","3,289.5","2,105",950,204,30.5
,경기도,계,"13,545,542.5","414,094","600,617.5","671,466.5","650,517","772,182.5","932,864","943,400","929,355","1,152,431.5","1,104,358","1,224,263.5","1,072,415","1,029,614","749,825","470,060.5","354,344","473,734.5","269,574","204,160.5","142,329","49,266.5","10,889.5","1,675.5"
,,남자,"6,811,447","211,856","307,363","343,671.5","333,353.5","402,264","495,849.5","496,313.5","478,186.5","588,687","559,990.5","617,530.5","540,388.5","518,193.5","368,620","222,201","157,599.5","169,379","107,430.5","61,948.5","47,155","12,417.5","2,047.5",328.5
,,여자,"6,734,095.5","202,238","293,254.5","327,795","317,163.5","369,918.5","437,014.5","447,086.5","451,168.5","563,744.5","544,367.5","606,733","532,026.5","511,420.5","381,205","247,859.5","196,744.5","304,355.5","162,143.5","142,212","95,174","36,849","8,842","1,347"
,강원도,계,"1,526,763","39,645.5","53,774.5","63,967","66,508","81,638","84,848","80,114.5","78,773.5","102,563","108,629.5","131,435","129,270","148,199","122,388.5","75,982","63,703.5","95,323.5","54,346","40,977.5","28,362.5","9,848.5","2,410.5",356
,,남자,"767,650","20,225","27,566.5","32,924","34,763.5","45,448","47,948","43,391.5","41,072","52,035","55,456","68,309.5","66,186.5","74,056","61,415.5","35,893.5","28,288.5","32,671","20,905.5","11,765.5","9,012","2,231.5",445.5,76.5
,,여자,"759,113","19,420.5","26,208","31,043","31,744.5","36,190","36,900","36,723","37,701.5","50,528","53,173.5","63,125.5","63,083.5","74,143","60,973","40,088.5","35,415","62,652.5","33,440.5","29,212","19,350.5","7,617","1,965",279.5
,충청북도,계,"1,589,702","42,975.5","63,368.5","72,892","72,168.5","85,105","99,538.5","94,101","92,859.5","115,082.5","117,203","136,545","132,542","141,211","112,769","72,032","53,944.5","85,364.5","47,518","37,846.5","26,922.5","8,875","1,789",260
,,남자,"807,811","22,102","32,316.5","37,487.5","37,616.5","46,390.5","56,120.5","52,632","49,151","59,751.5","60,402.5","70,335.5","67,972.5","71,895.5","56,365","34,768","23,913.5","28,590.5","17,962","10,628.5","8,281.5","1,967",336.5,43.5
,,여자,"781,891","20,873.5","31,052","35,404.5","34,552","38,714.5","43,418","41,469","43,708.5","55,331","56,800.5","66,209.5","64,569.5","69,315.5","56,404","37,264","30,031","56,774","29,556","27,218","18,641","6,908","1,452.5",216.5
,충청남도,계,"2,119,950.5","59,200.5","88,889.5","102,580","99,448","109,083","118,819","121,990.5","129,359","163,842.5","160,125","178,378.5","165,603.5","177,739.5","140,510","100,723","75,262","128,397","68,028","60,369","42,039.5","14,917.5","2,954",458
,,남자,"1,084,955.5","30,359.5","45,518.5","52,955","51,584.5","59,384","67,264","67,114","69,047","87,193","84,963","95,359.5","87,097.5","91,205","70,082","48,421","34,018.5","43,389.5","25,652.5","17,737","13,421.5","3,682.5",575.5,57.5
,,여자,"1,034,995","28,841","43,371","49,625","47,863.5","49,699","51,555","54,876.5","60,312","76,649.5","75,162","83,019","78,506","86,534.5","70,428","52,302","41,243.5","85,007.5","42,375.5","42,632","28,618","11,235","2,378.5",400.5
,전라북도,계,"1,757,041","40,571.5","65,841.5","81,530.5","84,276","97,457","96,652.5","86,046","88,095","118,032","130,132.5","152,757.5","145,257.5","154,314.5","125,765","95,279.5","74,632","120,400.5","66,007.5","54,393","37,743.5","13,449.5","2,746.5",453.5
,,남자,"874,075.5","20,545.5","33,861","41,935","43,758","52,744.5","52,558","45,448","44,971","60,308.5","66,740","79,662","75,142","77,454.5","62,049.5","44,813","32,810.5","39,274.5","24,174.5","15,100","11,497","3,074",471,58
,,여자,"882,965.5","20,026","31,980.5","39,595.5","40,518","44,712.5","44,094.5","40,598","43,124","57,723.5","63,392.5","73,095.5","70,115.5","76,860","63,715.5","50,466.5","41,821.5","81,126","41,833","39,293","26,246.5","10,375.5","2,275.5",395.5
,전라남도,계,"1,806,802","45,142.5","66,124","80,188","79,963.5","89,983","91,751.5","82,775","87,626","118,104.5","125,107.5","153,015.5","156,583.5","166,812","132,138.5","104,199.5","84,907","142,380.5","79,794.5","62,586","43,387","15,525","3,115.5",558.5
,,남자,"909,893","22,947","33,911","41,044.5","41,440","50,328","51,404","44,134","45,550.5","62,350.5","66,806","82,499.5","84,220.5","86,290.5","66,659","49,936.5","36,526","43,845.5","28,133.5","15,712","11,935.5","3,214.5",502,60
,,여자,"896,909","22,195.5","32,213","39,143.5","38,523.5","39,655","40,347.5","38,641","42,075.5","55,754","58,301.5","70,516","72,363","80,521.5","65,479.5","54,263","48,381","98,535","51,661","46,874","31,451.5","12,310.5","2,613.5",498.5
,경상북도,계,"2,558,213.5","62,519.5","95,650","109,478","108,890.5","123,978.5","129,618","127,606","134,470.5","177,516.5","183,331.5","220,765.5","222,133","243,956","199,518","146,629","101,904.5","170,248.5","94,895","75,353.5","53,009.5","18,147","3,672",525
,,남자,"1,290,582","32,110","49,201","56,884.5","57,461.5","70,275","74,433","70,497","71,033.5","92,458","94,951","114,988","114,459","123,681.5","99,345","69,768","44,610","54,426","34,325.5","20,100.5","15,469","3,972.5",607,52
,,여자,"1,267,631.5","30,409.5","46,449","52,593.5","51,429","53,703.5","55,185","57,109","63,437","85,058.5","88,380.5","105,777.5","107,674","120,274.5","100,173","76,861","57,294.5","115,822.5","60,569.5","55,253","37,540.5","14,174.5","3,065",473
,경상남도,계,"3,255,461","82,778.5","138,123.5","161,760.5","155,474","161,774.5","169,561","170,191","184,700.5","254,940","254,949","298,755","277,796.5","291,892","228,008","155,149.5","108,676","160,931.5","90,282.5","70,649","49,625.5","17,298","3,320.5",405
,,남자,"1,638,272.5","42,441","71,190.5","83,392.5","81,413.5","91,152.5","94,765","91,560.5","95,629","131,096","130,548","153,079.5","141,452","146,879.5","112,834.5","73,737","47,413","49,688.5","31,880.5","17,808","13,878","3,396",486,48
,,여자,"1,617,188.5","40,337.5","66,933","78,368","74,060.5","70,622","74,796","78,630.5","89,071.5","123,844","124,401","145,675.5","136,344.5","145,012.5","115,173.5","81,412.5","61,263","111,243","58,402","52,841","35,747.5","13,902","2,834.5",357
,제주특별자치도,계,"673,099","20,624.5","32,454.5","36,566","34,044","36,126.5","39,559","38,327.5","40,178","54,973","54,166.5","62,170.5","54,691","51,517","39,155","25,770","21,353","31,423","16,488.5","14,934.5","9,956","3,938.5",783.5,256.5
,,남자,"336,907.5","10,577.5","16,672.5","18,803","17,784.5","19,486.5","20,741","19,630.5","20,021.5","27,500.5","28,049","32,083","28,442","25,996.5","19,272.5","12,113.5","9,543.5","10,190","6,321.5","3,868.5","3,012",772.5,72,12
,,여자,"336,191.5","10,047","15,782","17,763","16,259.5","16,640","18,818","18,697","20,156.5","27,472.5","26,117.5","30,087.5","26,249","25,520.5","19,882.5","13,656.5","11,809.5","21,233","10,167","11,066","6,944","3,166",711.5,244.5
