스마트쉼터 현황,,,,,
,,,,,
시도,시군구,시설명,설치장소,상세주소,설치년도
서울,-,스마트셸터,14-015 홍대입구역(중) 버스정류소,서울 마포구 동교동 155-55,2021
서울,-,스마트셸터,14-016 홍대입구역(중) 버스정류소,서울 마포구 동교동 155-55,2021
서울,-,스마트셸터,14-011 합정역(중) 버스정류소,서울 마포구 합정동 402,2021
서울,-,스마트셸터,14-012 합정역(중) 버스정류소,서울 마포구 합정동 402,2021
서울,-,스마트셸터,02-008 숭례문(중) 버스정류소,서울 중구 남대문로5가 84-15,2021
서울,-,스마트셸터,05-232 건대입구역사거리.건대병원 버스정류소,서울 광진구 화양동 4-15,2021
서울,-,스마트셸터,16-023 강서세무서(중) 버스정류소,서울 강서구 마곡동 730-314,2022
서울,-,스마트셸터,16-024 강서세무서(중) 버스정류소,서울 강서구 마곡동 730-314,2022
서울,-,스마트셸터,12-111 구파발역2번출구 버스정류소,서울 은평구 진관동 산 100-25,2021
서울,-,스마트셸터,13-270 독립문공원.극동아파트 버스정류소,서울 서대문구 현저동 900,2021
서울,-,스마트셸터,25-013 천호역(중) 버스정류소,서울 강동구 성내동 5-19,2022
서울,-,스마트셸터,25-014 천호역(중) 버스정류소,서울 강동구 성내동 62-1,2022
서울,-,스마트셸터,24-136 송파구청.방이맛골 버스정류소,서울 송파구 방이동 95-3,2021
서울,중구,중구형 스마트쉼터,약수역7번출구·약수동주민센터 버스정류장(02-196),신당동 369-2,2023
서울,중구,중구형 스마트쉼터,명동입구 버스정류장(02-253),남대문로2가 8-2,2023
서울,중구,중구형 스마트쉼터,"약수역8번출구·신당사회복지관
버스정류장(02-195)",신당동 369-2,2023
서울,중구,중구형 스마트쉼터,"손기정체육공원입구
버스정류장(02-102)",만리동2가 33-1,2023
서울,중구,중구형 스마트쉼터,"버티고개
버스정류장(02-237)",신당동 산24-110,2023
서울,중구,중구형 스마트쉼터,"신당파인힐하나유보라
버스정류장(02-252)",신당동 433,2023
서울,중구,중구형 스마트쉼터,"황학동롯데캐슬
버스정류장(02-277)",황학동 761,2023
서울,중구,중구형 스마트쉼터,"서소문
버스정류장(02-133)",서소문동 136-1,2024
서울,중구,중구형 스마트쉼터,"퇴계로3가·한옥마을·한국의집
버스정류장(02-151)",필동1가 13-2,2024
서울,중구,중구형 스마트쉼터,"을지로입구·로얄호텔
버스정류장(02-156)",을지로2가 193-2,2024
서울,중구,중구형 스마트쉼터,"서울신문사
버스정류장(02-137)",태평로1가 63-17,2024
서울,중구,중구형 스마트쉼터,"을지로입구·시청입구
버스정류장(02-157)",을지로1가 100-1,2024
서울,중구,중구형 스마트쉼터,"을지로4가·베스트웨스턴국도
버스정류장(02-163)",을지로4가 267-1,2024
서울,중구,중구형 스마트쉼터,"서울광장
버스정류장(02-641)",을지로1가 194-2,2024
서울,중구,중구형 스마트쉼터,"시청앞
버스정류장(02-128)",태평로2가 113-1,2024
서울,중구,중구형 스마트쉼터,"동대문역사문화공원
버스정류장(02-173)",을지로6가 18-20,2024
서울,중구,중구형 스마트쉼터,"동대문역사문화공원
버스정류장(02-174)",을지로7가 143,2024
서울,중구,중구형 스마트쉼터,"명동역4번출구 
버스정류장(02-149)",남산동1가 1-1,2024
서울 ,종로구,스마트쉼터,시내버스정류장 인근,신영동 124-1,2024
서울 ,종로구,스마트쉼터,시내버스정류장 인근,숭인동 76,2024
서울,광진구,스마트 휴 쉼터,광나루지구대앞 버스정류장,서울시 광진구 아차산로 563,2022
서울,광진구,스마트 휴 쉼터,광진문화예술회관앞 버스정류장,서울시 광진구 능동로 90,2022
서울,광진구,스마트 휴 쉼터,광진구청앞 버스정류장,서울시 광진구 자양로 117,2023
서울,광진구,스마트 휴 쉼터,구의역2번출구앞 버스정류장,서울시 광진구 아차산로 411,2023
서울,성북구,스마트 에코 쉼터,길음뉴타운 10단지 버스정류장,서울시 성북구 정릉로 367-2,2021
서울,강북구,스마트쉼터,수유역 6번 출구 앞,서울시 강북구 도봉로 329 앞,2023
서울,강북구,스마트쉼터,미아사거리역 1번 출구 앞,서울시 강북구 도봉로 62 앞,2023
서울,양천구,스마트마루,목동대학학원 버스정류장,목동 406-21,2021
서울,양천구,스마트마루,신정네거리 분수광장 인근,신월동 502-5,2021
서울,양천구,스마트마루,신한은행 신월동 지점 버스정류장,신월동 545-8,2023
서울,강서구,스마트그린쉼터,방화근린공원,강서구 방화3동 855,2021
서울,강서구,스마트그린쉼터,한글어린이공원,강서구 화곡본동 56-3,2021
서울,강서구,스마트그린쉼터,양천향교역 7번 출구,강서구 강서로 463,2021
서울,강서구,스마트안전쉼터,우장산근린공원,강서구 우장산로 72-1,2021
서울,강서구,스마트그린쉼터,화곡역 6번 출구,강서구 화곡동 1074-12,2023
서울,강서구,스마트그린쉼터,우장산역 1번 출구,강서구 화곡동 1089-3,2023
서울,강서구,스마트그린쉼터,마곡나루역 4번 출구,강서구 마곡동 812,2024
서울,동작구,스마트쉼터,숭실대입구역(20-166),서울특별시 동작구 상도로 365-2,2022
서울,동작구,스마트쉼터,남성역(20-178),서울특별시 동작구사당로218,2022
서울,동작구,스마트쉼터,상도노빌리티역(20-155), 서울특별시 동작구 만양로 6,2022
서울,동작구,스마트쉼터,성대시장(20-147),서울특별시 동작구 상도동 329-2,2022
서울,동작구,스마트쉼터,신대방삼거리(20-186),서울특별시 동작구 보라매로 95-2,2022
서울,동작구,스마트쉼터,사당롯데캐슬골드포레정류소(20-213),서울특별시 동작구 사당동 산 31-37번지,2023
서울,관악구,스마트쉼터,시내버스정류장,서울 관악구 남부순환로 1640,2024
서울,관악구,스마트쉼터,시내버스정류장,서울 관악구 낙성대로 77,2024
서울,관악구,스마트쉼터,시내버스정류장,서울 관악구 관악로 1,2024
서울,노원구,스마트쉼터,상계주공10단지 버스정류소,노원구 상계동 694-1,2023
서울,동대문구,스마트쉼터,청량리역 환승센터 1번 승강장,서울 동대문구 전농동 620-67,2023
서울,동대문구,스마트쉼터,동대문구청ㆍ용두역3번출구,서울시 동대문구 고산자로 402,2023
서울,동대문구,스마트쉼터,동대문중학교,서울시 동대문구 전농동 691-3,2023
서울,동대문구,스마트쉼터,청량리역 환승센터 5번 승강장,서울시 동대문구 왕산로 205,2023
서울,성동구,스마트쉼터,성동구청 버스정류장 (04574),서울특별시 성동구 고산자로 280,2020
서울,성동구,스마트쉼터,"센트라스, 성동고방면 버스정류장 (04103)",서울특별시 성동구 왕십리로 410,2020
서울,성동구,스마트쉼터,상왕십리역 버스정류장 (04102),서울특별시 성동구 고산자로 164,2020
서울,성동구,스마트쉼터,성동세무서 버스정류장 (04213),서울특별시 성동구 광나루로 311,2020
서울,성동구,스마트쉼터,한양대정문 앞 버스정류장 (04130),서울특별시 성동구 왕십리로 222,2020
서울,성동구,스마트쉼터,금호역 버스정류장 (04156),서울특별시 성동구 매봉길 50,2020
서울,성동구,스마트쉼터,옥수파출소 앞 버스정류장 (04162),서울특별시 성동구 독서당로 211,2020
서울,성동구,스마트쉼터,신금호역 버스정류장 (04146),서울특별시 성동구 금호로 173,2020
서울,성동구,스마트쉼터,응봉동주민센터 버스정류장 (04138),서울특별시 성동구 독서당로 424,2020
서울,성동구,스마트쉼터,성수동이마트 버스정류장 (04198),서울특별시 성동구 뚝섬로 377,2020
서울,성동구,스마트쉼터,무학여고 앞 버스정류장 (04132),서울특별시 성동구 고산자로 201,2020
서울,성동구,스마트쉼터,마장축산물(도선사거리) 버스정류장 (04120),서울특별시 성동구 고산자로 340,2020
서울,성동구,스마트쉼터,마장축산물(동대문) 버스정류장 (04119),서울특별시 성동구 고산자로 345,2020
서울,성동구,스마트쉼터,"용답동부시장,답십리역 버스정류장 (04218)",서울특별시 성동구 천호대로 302,2020
서울,성동구,스마트쉼터,"행당역,대림아파트정문 버스정류장 (04280)",서울특별시 성동구 행당로 87,2020
서울,성동구,스마트쉼터,서울숲(구민종합체육센터) 버스정류장 (04177),서울특별시 성동구 왕십리로 58,2020
서울,성동구,스마트쉼터,화양사거리(성수초) 버스정류장 (04207),서울특별시 성동구 동일로 169,2020
서울,성동구,스마트쉼터,상왕십리역(왕십리2동주민센터) 버스정류장 (04101),서울특별시 성동구 왕십리로 369,2020
서울,성동구,스마트쉼터,뚝섬역 3번5번출구 버스정류장 (04238),서울특별시 성동구 아차산로 42,2020
서울,성동구,스마트쉼터,송정동건영아파트 버스정류장 (04215),서울특별시 성동구 동일로 265,2020
서울,성동구,스마트쉼터,왕십리역 4번출구 버스정류장 (04302),서울특별시 성동구 행당동 192-3,2020
서울,성동구,스마트쉼터,성동교남단 버스정류장 (04185),서울특별시 성동구 왕십리로 136,2021
서울,성동구,스마트쉼터,응봉사거리 버스정류장 (04140),서울특별시 성동구 고산자로 164,2021
서울,성동구,스마트쉼터,"코스모타워,신용보증재단 버스정류장 (04110)",서울특별시 성동구 왕십리로 336,2021
서울,성동구,스마트쉼터,응봉현대아파트 버스정류장 (04142),서울특별시 성동구 독서당로 381,2021
서울,성동구,스마트쉼터,행당역 버스정류장 (04279),서울특별시 성동구 행당로6길 97,2021
서울,성동구,스마트쉼터,성동구민종합체육센터 버스정류장 (04180),서울특별시 성동구 왕십리로5길 3,2021
서울,성동구,스마트쉼터,장미소공원 버스정류장 (04500),서울특별시 성동구 광나루로11길 54,2021
서울,성동구,스마트쉼터,마장역 버스정류장 (04117),서울특별시 성동구 마장로 292,2022
서울,성동구,스마트쉼터,성동노인복지관 버스정류장 (04118),서울특별시 성동구 마조로 77,2022
서울,성동구,스마트쉼터,"성동사회복지관,청계천박물관 버스정류장 (04595)",서울특별시 성동구 청계천로 506,2022
서울,성동구,스마트쉼터,성동구도시관리공단 버스정류장 (04600),서울특별시 성동구 청계천로 546,2022
서울,성동구,스마트쉼터,"한양대앞, 한양시장 버스정류장 (04127)",서울특별시 성동구 마조로 14,2022
서울,성동구,스마트쉼터,"광희중학교, 응봉역 버스정류장 (04821)",서울특별시 성동구 응봉동 193,2022
서울,성동구,스마트쉼터,논골신협대림아파트 후문 버스정류장 (04560),서울특별시 성동구 난계로 58,2022
서울,성동구,스마트쉼터,삼성래미안아파트 버스정류장 (04160),서울특별시 성동구 독서당로 343,2022
서울,성동구,스마트쉼터,"금호역(2번출구옆, 금호터널입구방면) 버스정류장 (04155)",서울특별시 성동구 동호로2가길 9-10,2022
서울,성동구,스마트쉼터,금호역(마을버스 정문) 버스정류장 (04764),서울특별시 성동구 동호로 102,2022
서울,성동구,스마트쉼터,힐스테이트서울숲리버 버스정류장 (04159),서울특별시 성동구 독서당로 342,2022
서울,성동구,스마트쉼터,서울숲(똑도아리수정수센터) 버스정류장 (04178),서울특별시 성동구 왕십리로 63,2022
서울,성동구,스마트쉼터,뚝섬역 4번출구 버스정류장 (04239),서울특별시 성동구 아차산로 41,2022
서울,성동구,스마트쉼터,상원 버스정류장 (04187),서울특별시 성동구 광나루로 144,2022
서울,성동구,스마트쉼터,뚝섬역 2번출구 버스정류장 (04237),서울특별시 성동구 아차산로 17,2022
서울,성동구,스마트쉼터,성수사거리 버스정류장 (04257),서울특별시 성동구 아차산로 163,2022
서울,성동구,스마트쉼터,제인병원 버스정류장 (04211),서울특별시 성동구 광나루로 243,2022
서울,성동구,스마트쉼터,군자교남단 버스정류장 (04216),서울특별시 성동구 동일로 291,2022
서울,성동구,스마트쉼터,신답역 버스정류장 (04217),서울특별시 성동구 천호대로 232,2022
서울,성동구,스마트쉼터,"청계벽산아파트, 텐즈힐아파트버스정류장 (04107)",서울특별시 성동구 하왕십리동 259-12,2022
서울,성동구,스마트쉼터,"황학교, 텐즈힐몰버스정류장 (04295)",서울특별시 성동구 상왕십리동 16-4,2022
서울,성동구,스마트쉼터,청계벽산아파트.텐즈힐아파트 버스정류장 (04106),서울특별시 성동구 하왕십리동 282-4,2023
서울,성동구,스마트쉼터,상왕십리역?센트라스아파트 버스정류장 (04114),서울특별시 성동구 홍익동 590,2023
서울,성동구,스마트쉼터,성동세무서앞 버스정류장 (04212),서울특별시 성동구 성수동2가 280-41,2023
서울,성동구,스마트쉼터,뚝섬역 8번출구 버스정류장 (04236),서울특별시 성동구 성수동1가 656-853,2023
서울,용산구,스마트파고라,신계역사공원,서울특별시 용산구 신계동 55,2023
서울,용산구,용산형 스마트쉼터,용산역광장앞,용산역광장앞(03-258),2023
서울,용산구,용산형 스마트쉼터,이촌동한가람아파트. 이촌역,이촌동한가람아파트. 이촌역(03-217),2023
서울,용산구,용산형 스마트쉼터,한강진역. 블루스퀘어,한강진역. 블루스퀘어(03-180),2023
서울,용산구,용산형 스마트쉼터,효창공원앞역. 이봉창역사울림관,효창공원앞역. 이봉창역사울림관(03-180),2023
서울,용산구,용산형 스마트쉼터,순천향대학병원. 한남오거리,순천향대학병원. 한남오거리(03-165),2023
서울,은평구,스마트쉼터,불광초(불광역) 버스정류장,불광로 41,2022
서울,은평구,스마트쉼터,역촌중앙시장(구산역) 버스정류장,서오릉로 165,2022
서울,은평구,스마트쉼터,수국사입구 버스정류장,서오릉로 253,2022
서울,은평구,스마트쉼터,로데오거리(연신내역) 버스정류장,연서로 214,2022
서울,은평구,스마트쉼터,역촌오거리(역촌역) 버스정류장,서오릉로 74,2022
서울,은평구,스마트쉼터,은평세무서 버스정류장,은평로 170,2022
서울,은평구,스마트쉼터,서부병원 버스정류장,은평로 142,2022
서울,은평구,스마트쉼터,신사오거리(응암역) 버스정류장,은평로 63,2022
서울,은평구,스마트쉼터,증산역 버스정류장,증산로 297,2022
서울,은평구,스마트쉼터,구산역 4번출구(구산역) 버스정류장,연서로 149,2023
서울,은평구,스마트쉼터,응암2동주민센터 버스정류장,백련산로 112,2023
서울,강남구,그린스마트쉼터,한양아파트.압구정로데오역(23158)버스정류장,강남구 압구정로 343,2019
서울,강남구,그린스마트쉼터,강남구청.강남세무서(23176)버스정류장,강남구 학동로 425,2019
서울,강남구,그린스마트쉼터,한국무역센터.삼성역(23201)버스정류장,강남구 테헤란로 521,2020
서울,강남구,그린스마트쉼터,포스코사거리(23514)버스정류장,강남구 테헤란로 507,2020
서울,강남구,그린스마트쉼터,선릉역(23241)버스정류장,강남구 테헤란로 409,2020
서울,강남구,그린스마트쉼터,서울상록회관.한국기술센터(23277)버스정류장,강남구 테헤란로 305,2020
서울,강남구,그린스마트쉼터,아가방빌딩.하나은행(23280)버스정류장,강남구 테헤란로 207,2020
서울,강남구,그린스마트쉼터,역삼역.포스코타워역삼(23288)버스정류장,강남구 테헤란로 134,2020
서울,강남구,그린스마트쉼터,한국자산신탁.센터필드(23306)버스정류장,강남구 테헤란로 306,2020
서울,강남구,그린스마트쉼터,선릉역(23259)버스정류장,강남구 테헤란로 408,2020
서울,강남구,그린스마트쉼터,포스코건너편(23217)버스정류장,강남구 테헤란로 439,2020
서울,강남구,그린스마트쉼터,한국무역센터.삼성역(23251)버스정류장,강남구 테헤란로 528,2020
서울,강남구,그린스마트쉼터,신사역8번출구.가로수길(23108)버스정류장,강남구 도산대로 125,2022
서울,강남구,그린스마트쉼터,신사동고개(23107)버스정류장,강남구 도산대로 157,2022
서울,강남구,그린스마트쉼터,신사동교회(23151)버스정류장,강남구 도산대로 217,2022
서울,강남구,그린스마트쉼터,도산공원사거리(23155)버스정류장,강남구 도산대로 305,2022
서울,강남구,그린스마트쉼터,씨네시티.앞(23161)버스정류장,강남구 도산대로 327,2022
서울,강남구,그린스마트쉼터,농협앞(23180)버스정류장,강남구 도산대로 443,2022
서울,강남구,그린스마트쉼터,청담동주민센터(23166)버스정류장,강남구 도산대로 513,2022
서울,강남구,그린스마트쉼터,청담동주민센터(23167)버스정류장,강남구 도산대로 528,2022
서울,강남구,그린스마트쉼터,차병원차움(23185)버스정류장,강남구 도산대로 442,2022
서울,강남구,그린스마트쉼터,영동119.안전센터(23126)버스정류장,강남구 도산대로 330,2022
서울,강남구,그린스마트쉼터,제일은행.호림아트센터앞(23125)버스정류장,강남구 도산대로 306,2022
서울,강남구,그린스마트쉼터,언북중학교입구(23124)버스정류장,강남구 도산대로 218,2022
서울,강남구,그린스마트쉼터,신사동고개(23112)버스정류장,강남구 도산대로 160,2022
서울,강남구,그린스마트쉼터,신사역1번출구(23111)버스정류장,강남구 도산대로 120,2022
서울,강남구,그린스마트쉼터,영동시장(23117)버스정류장,강남구 학동로 108,2022
서울,강남구,그린스마트쉼터,논현동사거리.학동역(23115)버스정류장,강남구 학동로 171,2022
서울,강남구,그린스마트쉼터,세관앞(23134)버스정류장,강남구 학동로 308,2022
서울,강남구,그린스마트쉼터,강남구청역(23128)버스정류장,강남구 학동로 337,2022
서울,강남구,그린스마트쉼터,강남구청역(23135)버스정류장,강남구 학동로 336,2022
서울,강남구,그린스마트쉼터,강남구청.강남세무서(23206)버스정류장,강남구 학동로 426,2022
서울,중랑구,스마트쉼터,07-171 면목역 버스정류장, 중랑구 면목로 418,2022
서울,중랑구,스마트쉼터,07-167 상봉역 버스정류장, 중랑구 면목로 475,2024
서울,중랑구,스마트쉼터,07-179 사가정역 버스정류장,중랑구 면목로 327,2024
서울,중랑구,스마트쉼터,07-247 사가정역 버스정류장,중랑구 사가정로 386,2024
서울,도봉구,스마트쉘터,시내버스정류소,도봉구 도봉로 470-1,2022
서울,도봉구,스마트쉘터,시내버스정류소,도봉구 방학로 217-1,2022
서울,도봉구,스마트쉘터,시내버스정류소,도봉구 도봉로 552,2022
서울,도봉구,스마트쉘터,시내버스정류소,도봉구 방학동 726-74,2023
서울,도봉구,스마트쉘터,시내버스정류소,도봉구 노해로 133,2023
서울,도봉구,스마트쉘터,시내버스정류소,도봉구 도봉동 637-53,2023
서울,서대문구,스마트쉘터,연세로명물거리(13-145),창천동 31-27(투썸플레이스),2023
서울,서대문구,스마트쉘터,DMC파크뷰자이(13-180),남가좌동 385(초록마을),2023
서울,서대문구,스마트쉘터,DMC센트레빌(13-188),남가좌동 381(영진공인중개사),2023
서울,서대문구,스마트쉘터,DMC센트레빌(13-189),남가좌동 385(팔각도),2023
서울,서대문구,스마트쉘터,DMC파크뷰자이(13-339),남가좌동 385(sk텔레콤),2023
서울,서대문구,스마트쉘터,신촌전철역(13-802),창천동 18-50(신촌역3번출구),2023
서울,구로구,스마트쉼터,신도림역 버스정류장(17102) 측면,서울시 구로구 구로동 2-11,2023
서울,구로구,스마트쉼터,온수역 버스정류장(17185) 측면,서울시 구로구 부일로 878-1,2023
서울,강동구,강동형 스마트 에코쉘터,강동구청역1번출구.영파여고 버스정류소,올림픽로566 인근,2020
서울,강동구,강동형 스마트 에코쉘터,천호역5번출구.천호사거리 버스정류소,천호대로 1033 인근,2020
서울,강동구,강동형 스마트 에코쉘터,천호역2번출구.현대백화점 버스정류소,올릭픽로 659 인근,2022
서울,강동구,강동형 스마트 에코쉘터,상일동역4번출구.센트럴푸르지오 버스정류소,고덕로 391 인근,2022
서울,강동구,강동형 스마트 에코쉘터,강동아트센터.강동경희대병원 버스정류소,동남로 885 인근,2022
서울,강동구,강동형 스마트 에코쉘터,상일동역1번출구 버스정류소,고덕로 353 인근,2023
서울,강동구,강동형 스마트 에코쉘터,명일초등학교 버스정류소,고덕로 131 인근,2023
서울,광진구,스마트 안심쉼터,구의어린이공원,서울시 광진구 구의3동 546-2,2023
서울,광진구,스마트 안심쉼터,긴고랑어린이공원,서울시 광진구 중곡4동 68-19,2023
서울,광진구,스마트 안심쉼터,무궁화어린이공원,서울시 광진구 구의3동 206-10,2023
서울,광진구,스마트 안심쉼터,구둘어린이공원,서울시 광진구 구의2동 60-8,2023
서울,광진구,스마트 안심쉼터,개나리어린이공원,서울시 광진구 구의3동 216-5,2023
서울,광진구,스마트 안심쉼터,가중나무어린이공원,서울시 광진구 화양동 32-1,2023
서울,중랑구,"스마트쉼터(공사중, LH)",07-333 양원리 버스정류장,중랑구,2024
서울,중랑구,스마트쉼터(공사중 LH),07-334 양원리 버스정류장,중랑구,2024
